Teufe,qc,fs
[m],[MN/m²],[MN/m²]
0.0000000000,0.0000000000,0.0000000000
0.0200000000,0.0000000000,0.0000000000
0.0400000000,0.0672000000,0.0000000000
0.0600000000,0.1176000000,0.0002000000
0.0800000000,0.1912000000,0.0004000000
0.1000000000,0.2648000000,0.0007000000
0.1200000000,0.3268000000,0.0013000000
0.1400000000,0.4546000000,0.0019000000
0.1600000000,0.5592000000,0.0023000000
0.1800000000,0.6793000000,0.0028000000
0.2000000000,0.8188000000,0.0033000000
0.2200000000,1.0086000000,0.0043000000
0.2400000000,2.1941000000,0.0090000000
0.2600000000,2.8566000000,0.0119000000
0.2800000000,2.6125000000,0.0106000000
0.3000000000,2.5766000000,0.0108000000
0.3200000000,2.5816000000,0.0109000000
0.3400000000,2.6900000000,0.0111000000
0.3600000000,2.8256000000,0.0114000000
0.3800000000,2.9457000000,0.0114000000
0.4000000000,3.1394000000,0.0119000000
0.4200000000,3.2673000000,0.0123000000
0.4400000000,3.3796000000,0.0128000000
0.4600000000,3.5036000000,0.0132000000
0.4800000000,3.6934000000,0.0136000000
0.5000000000,3.7942000000,0.0139000000
0.5200000000,3.9065000000,0.0144000000
0.5400000000,3.9995000000,0.0148000000
0.5600000000,4.0886000000,0.0151000000
0.5800000000,4.1738000000,0.0155000000
0.6000000000,4.2319000000,0.0158000000
0.6200000000,4.2746000000,0.0163000000
0.6400000000,4.2862000000,0.0166000000
0.6600000000,4.3249000000,0.0168000000
0.6800000000,4.3172000000,0.0168000000
0.7000000000,4.3094000000,0.0158000000
0.7200000000,4.2784000000,0.0155000000
0.7400000000,4.2281000000,0.0161000000
0.7600000000,4.1932000000,0.0156000000
0.7800000000,4.1312000000,0.0153000000
0.8000000000,3.9685000000,0.0143000000
0.8200000000,3.9336000000,0.0145000000
0.8400000000,3.8949000000,0.0145000000
0.8600000000,3.8290000000,0.0140000000
0.8800000000,3.7670000000,0.0139000000
0.9000000000,3.6741000000,0.0134000000
0.9200000000,3.5307000000,0.0128000000
0.9400000000,3.4339000000,0.0126000000
0.9600000000,3.3331000000,0.0124000000
0.9800000000,3.2440000000,0.0121000000
1.0000000000,3.1084000000,0.0115000000
1.0200000000,3.0387000000,0.0113000000
1.0400000000,2.9496000000,0.0110000000
1.0600000000,2.8566000000,0.0108000000
1.0800000000,2.7946000000,0.0105000000
1.1000000000,2.7326000000,0.0102000000
1.1200000000,2.6823000000,0.0105000000
1.1400000000,2.6523000000,0.0107000000
1.1600000000,2.6501000000,0.0106000000
1.1800000000,2.6978000000,0.0100000000
1.2000000000,2.4266000000,0.0098000000
1.2200000000,2.4150000000,0.0095000000
1.2400000000,2.3801000000,0.0093000000
1.2600000000,2.3568000000,0.0089000000
1.2800000000,2.3297000000,0.0088000000
1.3000000000,2.3259000000,0.0084000000
1.3200000000,2.3065000000,0.0083000000
1.3400000000,2.2987000000,0.0085000000
1.3600000000,2.2930000000,0.0087000000
1.3800000000,2.2956000000,0.0087000000
1.4000000000,2.3065000000,0.0087000000
1.4200000000,2.3259000000,0.0088000000
1.4400000000,2.3414000000,0.0089000000
1.4600000000,2.3685000000,0.0089000000
1.4800000000,2.3917000000,0.0091000000
1.5000000000,2.4227000000,0.0094000000
1.5200000000,2.4421000000,0.0096000000
1.5400000000,2.4430000000,0.0094000000
1.5600000000,2.4460000000,0.0096000000
1.5800000000,2.4460000000,0.0097000000
1.6000000000,2.4382000000,0.0099000000
1.6200000000,2.4305000000,0.0099000000
1.6400000000,2.4150000000,0.0101000000
1.6600000000,2.3995000000,0.0102000000
1.6800000000,2.3840000000,0.0102000000
1.7000000000,2.3840000000,0.0102000000
1.7200000000,2.3375000000,0.0101000000
1.7400000000,2.3181000000,0.0101000000
1.7600000000,2.3065000000,0.0101000000
1.7800000000,2.2755000000,0.0103000000
1.8000000000,2.2368000000,0.0105000000
1.8200000000,2.2174000000,0.0106000000
1.8400000000,2.1941000000,0.0107000000
1.8600000000,2.1825000000,0.0109000000
1.8800000000,2.1554000000,0.0111000000
1.9000000000,2.1360000000,0.0112000000
1.9200000000,2.1128000000,0.0114000000
1.9400000000,2.1012000000,0.0114000000
1.9600000000,2.0857000000,0.0115000000
1.9800000000,2.0740000000,0.0116000000
2.0000000000,2.0702000000,0.0119000000
2.0200000000,2.0547000000,0.0120000000
2.0400000000,2.0469000000,0.0120000000
2.0600000000,2.0275000000,0.0121000000
2.0800000000,2.0198000000,0.0121000000
2.1000000000,1.9927000000,0.0121000000
2.1200000000,1.9849000000,0.0121000000
2.1400000000,1.9733000000,0.0122000000
2.1600000000,1.9578000000,0.0123000000
2.1800000000,1.9423000000,0.0123000000
2.2000000000,1.9152000000,0.0124000000
2.2200000000,1.9036000000,0.0125000000
2.2400000000,1.8610000000,0.0126000000
2.2600000000,1.8300000000,0.0125000000
2.2800000000,1.7602000000,0.0124000000
2.3000000000,1.7215000000,0.0122000000
2.3200000000,1.6866000000,0.0122000000
2.3400000000,1.6518000000,0.0120000000
2.3600000000,1.6130000000,0.0118000000
2.3800000000,1.5704000000,0.0117000000
2.4000000000,1.5433000000,0.0113000000
2.4200000000,1.5162000000,0.0113000000
2.4400000000,1.4852000000,0.0110000000
2.4600000000,1.4619000000,0.0109000000
2.4800000000,1.4464000000,0.0107000000
2.5000000000,1.4309000000,0.0105000000
2.5200000000,1.4038000000,0.0103000000
2.5400000000,1.3922000000,0.0103000000
2.5600000000,1.3844000000,0.0103000000
2.5800000000,1.3689000000,0.0103000000
2.6000000000,1.3612000000,0.0103000000
2.6200000000,1.3534000000,0.0103000000
2.6400000000,1.3418000000,0.0103000000
2.6600000000,1.3302000000,0.0103000000
2.6800000000,1.3263000000,0.0103000000
2.7000000000,1.3224000000,0.0103000000
2.7200000000,1.3215000000,0.0101000000
2.7400000000,1.3224000000,0.0099000000
2.7600000000,1.3341000000,0.0098000000
2.7800000000,1.3457000000,0.0098000000
2.8000000000,1.3372000000,0.0098000000
2.8200000000,1.3418000000,0.0099000000
2.8400000000,1.3612000000,0.0101000000
2.8600000000,1.3728000000,0.0102000000
2.8800000000,1.3844000000,0.0104000000
2.9000000000,1.3961000000,0.0107000000
2.9200000000,1.3980000000,0.0109000000
2.9400000000,1.4038000000,0.0109000000
2.9600000000,1.3975000000,0.0111000000
2.9800000000,1.3970000000,0.0111000000
3.0000000000,1.3970000000,0.0113000000
3.0200000000,1.4057000000,0.0114000000
3.0400000000,1.4154000000,0.0114000000
3.0600000000,1.4309000000,0.0116000000
3.0800000000,1.4425000000,0.0116000000
3.1000000000,1.4464000000,0.0117000000
3.1200000000,1.4619000000,0.0120000000
3.1400000000,1.4774000000,0.0123000000
3.1600000000,1.4929000000,0.0124000000
3.1800000000,1.5084000000,0.0124000000
3.2000000000,1.5394000000,0.0127000000
3.2200000000,1.5549000000,0.0128000000
3.2400000000,1.5743000000,0.0129000000
3.2600000000,1.5936000000,0.0130000000
3.2800000000,1.6401000000,0.0131000000
3.3000000000,1.6789000000,0.0135000000
3.3200000000,1.7176000000,0.0139000000
3.3400000000,1.7873000000,0.0140000000
3.3600000000,1.8261000000,0.0148000000
3.3800000000,1.8571000000,0.0151000000
3.4000000000,1.8765000000,0.0152000000
3.4200000000,1.9036000000,0.0157000000
3.4400000000,1.9462000000,0.0166000000
3.4600000000,2.0043000000,0.0169000000
3.4800000000,2.1244000000,0.0175000000
3.5000000000,2.4576000000,0.0198000000
3.5200000000,2.8605000000,0.0225000000
3.5400000000,3.6043000000,0.0271000000
3.5600000000,4.9642000000,0.0332000000
3.5800000000,8.1875000000,0.0408000000
3.6000000000,10.8180000000,0.0493000000
3.6200000000,13.7740000000,0.0649000000
3.6400000000,16.6138000000,0.0789000000
3.6600000000,20.0889000000,0.0956000000
3.6800000000,21.6889000000,0.0972000000
3.7000000000,22.8744000000,0.0973000000
3.7200000000,23.7113000000,0.1320000000
3.7400000000,24.3156000000,0.1520000000
3.7600000000,24.2846000000,0.1629000000
3.7800000000,23.4924000000,0.1710000000
3.8000000000,23.0681000000,0.1795000000
3.8200000000,22.7582000000,0.1830000000
3.8400000000,22.4018000000,0.1835000000
3.8600000000,22.0841000000,0.1829000000
3.8800000000,21.7122000000,0.1805000000
3.9000000000,21.4371000000,0.1779000000
3.9200000000,21.1388000000,0.1760000000
3.9400000000,20.6197000000,0.1738000000
3.9600000000,20.3252000000,0.1704000000
3.9800000000,19.9301000000,0.1686000000
4.0000000000,19.2870000000,0.1657000000
4.0200000000,18.8879000000,0.1622000000
4.0400000000,18.5199000000,0.1601000000
4.0600000000,18.1131000000,0.1574000000
4.0800000000,17.7024000000,0.1550000000
4.1000000000,17.1213000000,0.1522000000
4.1200000000,16.7223000000,0.1501000000
4.1400000000,16.2961000000,0.1481000000
4.1600000000,15.8544000000,0.1463000000
4.1800000000,15.1920000000,0.1445000000
4.2000000000,14.6806000000,0.1410000000
4.2200000000,14.1692000000,0.1384000000
4.2400000000,13.3091000000,0.1352000000
4.2600000000,12.8404000000,0.1309000000
4.2800000000,12.4064000000,0.1258000000
4.3000000000,12.0152000000,0.1224000000
4.3200000000,11.4611000000,0.1191000000
4.3400000000,11.1202000000,0.1161000000
4.3600000000,10.8064000000,0.1121000000
4.3800000000,10.4926000000,0.1088000000
4.4000000000,10.1594000000,0.1059000000
4.4200000000,9.7061000000,0.1048000000
4.4400000000,9.3962000000,0.1017000000
4.4600000000,9.1366000000,0.0984000000
4.4800000000,8.8422000000,0.0956000000
4.5000000000,8.3851000000,0.0928000000
4.5200000000,8.1681000000,0.0885000000
4.5400000000,7.7148000000,0.0861000000
4.5600000000,7.4708000000,0.0839000000
4.5800000000,7.1182000000,0.0821000000
4.6000000000,6.8819000000,0.0789000000
4.6200000000,6.6998000000,0.0773000000
4.6400000000,6.4945000000,0.0748000000
4.6600000000,6.3279000000,0.0728000000
4.6800000000,6.0683000000,0.0700000000
4.7000000000,5.9443000000,0.0666000000
4.7200000000,5.8126000000,0.0633000000
4.7400000000,5.7041000000,0.0610000000
4.7600000000,5.5182000000,0.0599000000
4.7800000000,5.4407000000,0.0589000000
4.8000000000,5.1075000000,0.0579000000
4.8200000000,4.9680000000,0.0567000000
4.8400000000,4.8208000000,0.0555000000
4.8600000000,4.6814000000,0.0533000000
4.8800000000,4.4489000000,0.0517000000
4.9000000000,4.3327000000,0.0494000000
4.9200000000,4.2126000000,0.0480000000
4.9400000000,4.0615000000,0.0464000000
4.9600000000,3.8871000000,0.0451000000
4.9800000000,3.7748000000,0.0444000000
5.0000000000,3.6741000000,0.0435000000
5.0200000000,3.5811000000,0.0422000000
5.0400000000,3.4842000000,0.0418000000
5.0600000000,3.4300000000,0.0411000000
5.0800000000,3.3758000000,0.0403000000
5.1000000000,3.2983000000,0.0394000000
5.1200000000,3.2518000000,0.0387000000
5.1400000000,3.2053000000,0.0367000000
5.1600000000,3.1472000000,0.0361000000
5.1800000000,3.1084000000,0.0354000000
5.2000000000,3.0852000000,0.0347000000
5.2200000000,3.0619000000,0.0339000000
5.2400000000,3.0465000000,0.0335000000
5.2600000000,3.0271000000,0.0330000000
5.2800000000,3.0038000000,0.0325000000
5.3000000000,2.9961000000,0.0321000000
5.3200000000,2.9816000000,0.0318000000
5.3400000000,2.9845000000,0.0313000000
5.3600000000,2.9612000000,0.0310000000
5.3800000000,2.9612000000,0.0306000000
5.4000000000,2.9767000000,0.0305000000
5.4200000000,2.9690000000,0.0304000000
5.4400000000,2.9457000000,0.0304000000
5.4600000000,2.9302000000,0.0302000000
5.4800000000,2.9109000000,0.0301000000
5.5000000000,2.8915000000,0.0300000000
5.5200000000,2.8876000000,0.0300000000
5.5400000000,2.8833000000,0.0300000000
5.5600000000,2.8837000000,0.0301000000
5.5800000000,2.8808000000,0.0301000000
5.6000000000,2.8799000000,0.0301000000
5.6200000000,2.8644000000,0.0300000000
5.6400000000,2.8566000000,0.0297000000
5.6600000000,2.8450000000,0.0296000000
5.6800000000,2.8295000000,0.0295000000
5.7000000000,2.8256000000,0.0279000000
5.7200000000,2.8256000000,0.0270000000
5.7400000000,2.8295000000,0.0270000000
5.7600000000,2.8179000000,0.0270000000
5.7800000000,2.7365000000,0.0274000000
5.8000000000,2.7326000000,0.0276000000
5.8200000000,2.7249000000,0.0276000000
5.8400000000,2.7133000000,0.0276000000
5.8600000000,2.6939000000,0.0276000000
5.8800000000,2.6552000000,0.0275000000
5.9000000000,2.6513000000,0.0272000000
5.9200000000,2.6510000000,0.0270000000
5.9400000000,2.6513000000,0.0266000000
5.9600000000,2.6745000000,0.0261000000
5.9800000000,2.7094000000,0.0260000000
6.0000000000,2.7404000000,0.0260000000
6.0200000000,2.7481000000,0.0265000000
6.0400000000,2.7598000000,0.0267000000
6.0600000000,2.7579000000,0.0268000000
6.0800000000,2.7598000000,0.0272000000
6.1000000000,2.7365000000,0.0272000000
6.1200000000,2.7133000000,0.0272000000
6.1400000000,2.7016000000,0.0272000000
6.1600000000,2.6939000000,0.0272000000
6.1800000000,2.6881000000,0.0273000000
6.2000000000,2.6784000000,0.0273000000
6.2200000000,2.6707000000,0.0271000000
6.2400000000,2.6668000000,0.0269000000
6.2600000000,2.6629000000,0.0268000000
6.2800000000,2.6435000000,0.0265000000
6.3000000000,2.6164000000,0.0259000000
6.3200000000,2.5467000000,0.0259000000
6.3400000000,2.5157000000,0.0258000000
6.3600000000,2.4808000000,0.0257000000
6.3800000000,2.4421000000,0.0256000000
6.4000000000,2.4266000000,0.0256000000
6.4200000000,2.4072000000,0.0256000000
6.4400000000,2.4043000000,0.0256000000
6.4600000000,2.4033000000,0.0256000000
6.4800000000,2.3995000000,0.0254000000
6.5000000000,2.3995000000,0.0251000000
6.5200000000,2.3956000000,0.0251000000
6.5400000000,2.3762000000,0.0252000000
6.5600000000,2.3743000000,0.0253000000
6.5800000000,2.3712000000,0.0253000000
6.6000000000,2.3715000000,0.0252000000
6.6200000000,2.3840000000,0.0250000000
6.6400000000,2.3878000000,0.0250000000
6.6600000000,2.4343000000,0.0240000000
6.6800000000,2.4576000000,0.0235000000
6.7000000000,2.4808000000,0.0237000000
6.7200000000,2.4886000000,0.0241000000
6.7400000000,2.4847000000,0.0243000000
6.7600000000,2.4692000000,0.0243000000
6.7800000000,2.3956000000,0.0242000000
6.8000000000,2.3840000000,0.0242000000
6.8200000000,2.3665000000,0.0242000000
6.8400000000,2.3530000000,0.0239000000
6.8600000000,2.3512000000,0.0234000000
6.8800000000,2.3540000000,0.0231000000
6.9000000000,2.3568000000,0.0224000000
6.9200000000,2.3607000000,0.0221000000
6.9400000000,2.3878000000,0.0220000000
6.9600000000,2.3956000000,0.0223000000
6.9800000000,2.3898000000,0.0224000000
7.0000000000,2.3917000000,0.0225000000
7.0200000000,2.3762000000,0.0225000000
7.0400000000,2.3704000000,0.0226000000
7.0600000000,2.3685000000,0.0227000000
7.0800000000,2.3682000000,0.0229000000
7.1000000000,2.3685000000,0.0232000000
7.1200000000,2.3646000000,0.0235000000
7.1400000000,2.3568000000,0.0236000000
7.1600000000,2.3549000000,0.0237000000
7.1800000000,2.3507000000,0.0237000000
7.2000000000,2.3496000000,0.0236000000
7.2200000000,2.3452000000,0.0235000000
7.2400000000,2.3220000000,0.0234000000
7.2600000000,2.2987000000,0.0234000000
7.2800000000,2.2406000000,0.0234000000
7.3000000000,2.1980000000,0.0238000000
7.3200000000,2.1887000000,0.0246000000
7.3400000000,2.1893000000,0.0252000000
7.3600000000,2.1941000000,0.0252000000
7.3800000000,2.2174000000,0.0256000000
7.4000000000,2.2329000000,0.0264000000
7.4200000000,2.2328000000,0.0265000000
7.4400000000,2.2329000000,0.0264000000
7.4600000000,2.2445000000,0.0246000000
7.4800000000,2.2658000000,0.0243000000
7.5000000000,2.2871000000,0.0243000000
7.5200000000,2.3375000000,0.0242000000
7.5400000000,2.4150000000,0.0238000000
7.5600000000,2.5312000000,0.0238000000
7.5800000000,2.7365000000,0.0258000000
7.6000000000,2.8527000000,0.0276000000
7.6200000000,2.9341000000,0.0284000000
7.6400000000,3.0426000000,0.0294000000
7.6600000000,3.2014000000,0.0304000000
7.6800000000,3.4687000000,0.0325000000
7.7000000000,3.9530000000,0.0340000000
7.7200000000,4.3947000000,0.0351000000
7.7400000000,4.9913000000,0.0380000000
7.7600000000,5.8165000000,0.0424000000
7.7800000000,6.9942000000,0.0472000000
7.8000000000,7.9047000000,0.0531000000
7.8200000000,8.8345000000,0.0616000000
7.8400000000,10.1982000000,0.0722000000
7.8600000000,11.3875000000,0.0794000000
7.8800000000,12.4723000000,0.0858000000
7.9000000000,13.2898000000,0.0908000000
7.9200000000,14.4752000000,0.0959000000
7.9400000000,15.2268000000,0.1005000000
7.9600000000,16.0753000000,0.1038000000
7.9800000000,16.8424000000,0.1063000000
8.0000000000,17.5281000000,0.1091000000
8.0200000000,17.4157000000,0.1108000000
8.0400000000,17.1910000000,0.1163000000
8.0600000000,16.7300000000,0.1163000000
8.0800000000,16.7068000000,0.1161000000
8.1000000000,16.1838000000,0.1160000000
8.1200000000,15.8893000000,0.1159000000
8.1400000000,15.5406000000,0.1143000000
8.1600000000,14.7193000000,0.1089000000
8.1800000000,14.1886000000,0.0988000000
8.2000000000,13.7934000000,0.0939000000
8.2200000000,13.5106000000,0.0899000000
8.2400000000,13.0844000000,0.0865000000
8.2600000000,12.8713000000,0.0849000000
8.2800000000,12.6660000000,0.0848000000
8.3000000000,12.4762000000,0.0848000000
8.3200000000,12.2747000000,0.0848000000
8.3400000000,12.0733000000,0.0862000000
8.3600000000,11.7788000000,0.0863000000
8.3800000000,11.2287000000,0.0858000000
8.4000000000,10.8452000000,0.0829000000
8.4200000000,10.2756000000,0.0809000000
8.4400000000,10.0083000000,0.0759000000
8.4600000000,9.6906000000,0.0733000000
8.4800000000,9.3420000000,0.0691000000
8.5000000000,9.1173000000,0.0679000000
8.5200000000,8.9468000000,0.0670000000
8.5400000000,8.7260000000,0.0656000000
8.5600000000,8.3928000000,0.0631000000
8.5800000000,8.1371000000,0.0602000000
8.6000000000,7.8620000000,0.0587000000
8.6200000000,7.6373000000,0.0582000000
8.6400000000,7.1841000000,0.0549000000
8.6600000000,6.8819000000,0.0529000000
8.6800000000,6.5642000000,0.0502000000
8.7000000000,6.2775000000,0.0477000000
8.7200000000,5.9482000000,0.0466000000
8.7400000000,5.6964000000,0.0442000000
8.7600000000,5.3942000000,0.0422000000
8.7800000000,5.1036000000,0.0406000000
8.8000000000,4.9370000000,0.0379000000
8.8200000000,4.7511000000,0.0372000000
8.8400000000,4.5922000000,0.0362000000
8.8600000000,4.4683000000,0.0355000000
8.8800000000,4.4024000000,0.0352000000
8.9000000000,4.2707000000,0.0337000000
8.9200000000,4.2010000000,0.0335000000
8.9400000000,4.1080000000,0.0322000000
8.9600000000,4.0344000000,0.0316000000
8.9800000000,3.9724000000,0.0310000000
9.0000000000,3.9298000000,0.0310000000
9.0200000000,3.8842000000,0.0306000000
9.0400000000,3.8799000000,0.0303000000
9.0600000000,3.8795000000,0.0302000000
9.0800000000,3.8949000000,0.0301000000
9.1000000000,3.8833000000,0.0289000000
9.1200000000,3.8755000000,0.0277000000
9.1400000000,3.8407000000,0.0275000000
9.1600000000,3.7748000000,0.0273000000
9.1800000000,3.6392000000,0.0272000000
9.2000000000,3.5230000000,0.0267000000
9.2200000000,3.4106000000,0.0260000000
9.2400000000,3.3409000000,0.0246000000
9.2600000000,3.1704000000,0.0236000000
9.2800000000,3.0891000000,0.0221000000
9.3000000000,3.0077000000,0.0216000000
9.3200000000,2.9380000000,0.0200000000
9.3400000000,2.8682000000,0.0195000000
9.3600000000,2.8179000000,0.0187000000
9.3800000000,2.7791000000,0.0185000000
9.4000000000,2.7171000000,0.0185000000
9.4200000000,2.6552000000,0.0184000000
9.4400000000,2.6513000000,0.0182000000
9.4600000000,2.5893000000,0.0182000000
9.4800000000,2.5932000000,0.0180000000
9.5000000000,2.5816000000,0.0178000000
9.5200000000,2.5312000000,0.0173000000
9.5400000000,2.5196000000,0.0172000000
9.5600000000,2.4808000000,0.0169000000
9.5800000000,2.4537000000,0.0166000000
9.6000000000,2.4266000000,0.0162000000
9.6200000000,2.4266000000,0.0161000000
9.6400000000,2.4276000000,0.0160000000
9.6600000000,2.4382000000,0.0161000000
9.6800000000,2.4692000000,0.0162000000
9.7000000000,2.5312000000,0.0164000000
9.7200000000,2.5544000000,0.0164000000
9.7400000000,2.5757000000,0.0164000000
9.7600000000,2.6087000000,0.0168000000
9.7800000000,2.5935000000,0.0171000000
9.8000000000,2.5973000000,0.0175000000
9.8200000000,2.5932000000,0.0175000000
9.8400000000,2.5816000000,0.0175000000
9.8600000000,2.5777000000,0.0176000000
9.8800000000,2.5583000000,0.0179000000
9.9000000000,2.5472000000,0.0179000000
9.9200000000,2.5463000000,0.0181000000
9.9400000000,2.6009000000,0.0183000000
9.9600000000,2.4808000000,0.0184000000
9.9800000000,2.4615000000,0.0189000000
10.0000000000,2.4421000000,0.0190000000
10.0200000000,2.4421000000,0.0192000000
10.0400000000,2.4382000000,0.0198000000
10.0600000000,2.4382000000,0.0200000000
10.0800000000,2.4615000000,0.0200000000
10.1000000000,2.4460000000,0.0201000000
10.1200000000,2.4343000000,0.0215000000
10.1400000000,2.4111000000,0.0218000000
10.1600000000,2.3840000000,0.0218000000
10.1800000000,2.3956000000,0.0217000000
10.2000000000,2.3142000000,0.0215000000
10.2200000000,2.2987000000,0.0212000000
10.2400000000,2.2755000000,0.0208000000
10.2600000000,2.2290000000,0.0201000000
10.2800000000,2.1825000000,0.0181000000
10.3000000000,2.1554000000,0.0180000000
10.3200000000,2.1167000000,0.0179000000
10.3400000000,2.0779000000,0.0178000000
10.3600000000,2.0663000000,0.0179000000
10.3800000000,2.0655000000,0.0183000000
10.4000000000,2.0702000000,0.0198000000
10.4200000000,2.1515000000,0.0236000000
10.4400000000,2.2019000000,0.0247000000
10.4600000000,2.1883000000,0.0261000000
10.4800000000,2.1864000000,0.0263000000
10.5000000000,2.1786000000,0.0278000000
10.5200000000,2.1825000000,0.0334000000
10.5400000000,2.1399000000,0.0347000000
10.5600000000,2.1476000000,0.0351000000
10.5800000000,2.1012000000,0.0350000000
10.6000000000,2.0895000000,0.0333000000
10.6200000000,1.9966000000,0.0328000000
10.6400000000,1.9036000000,0.0291000000
10.6600000000,1.8581000000,0.0231000000
10.6800000000,1.8455000000,0.0216000000
10.7000000000,1.8028000000,0.0183000000
10.7200000000,1.7951000000,0.0149000000
10.7400000000,1.7868000000,0.0145000000
10.7600000000,1.7912000000,0.0153000000
10.7800000000,1.7796000000,0.0168000000
10.8000000000,1.7718000000,0.0172000000
10.8200000000,1.7564000000,0.0172000000
10.8400000000,1.7021000000,0.0175000000
10.8600000000,1.6895000000,0.0176000000
10.8800000000,1.6827000000,0.0174000000
10.9000000000,1.6717000000,0.0169000000
10.9200000000,1.6711000000,0.0155000000
10.9400000000,1.6750000000,0.0152000000
10.9600000000,1.6866000000,0.0148000000
10.9800000000,1.6982000000,0.0148000000
11.0000000000,1.7215000000,0.0148000000
11.0200000000,1.7680000000,0.0148000000
11.0400000000,1.7699000000,0.0149000000
11.0600000000,1.8338000000,0.0155000000
11.0800000000,1.8648000000,0.0158000000
11.1000000000,1.8765000000,0.0169000000
11.1200000000,1.8958000000,0.0170000000
11.1400000000,1.8842000000,0.0174000000
11.1600000000,1.8707000000,0.0174000000
11.1800000000,1.8668000000,0.0173000000
11.2000000000,1.8726000000,0.0166000000
11.2200000000,1.9036000000,0.0165000000
11.2400000000,1.9384000000,0.0164000000
11.2600000000,2.0159000000,0.0164000000
11.2800000000,2.0857000000,0.0164000000
11.3000000000,2.0508000000,0.0179000000
11.3200000000,1.9578000000,0.0180000000
11.3400000000,1.9336000000,0.0180000000
11.3600000000,1.9370000000,0.0174000000
11.3800000000,1.9539000000,0.0167000000
11.4000000000,1.9656000000,0.0167000000
11.4200000000,2.0004000000,0.0168000000
11.4400000000,1.9907000000,0.0168000000
11.4600000000,2.0004000000,0.0168000000
11.4800000000,1.9113000000,0.0173000000
11.5000000000,1.8794000000,0.0173000000
11.5200000000,1.8770000000,0.0174000000
11.5400000000,1.8804000000,0.0174000000
11.5600000000,1.9462000000,0.0174000000
11.5800000000,2.0237000000,0.0176000000
11.6000000000,2.1864000000,0.0177000000
11.6200000000,2.2949000000,0.0181000000
11.6400000000,2.4731000000,0.0211000000
11.6600000000,2.5467000000,0.0282000000
11.6800000000,2.8179000000,0.0306000000
11.7000000000,2.9322000000,0.0467000000
11.7200000000,3.1898000000,0.0545000000
11.7400000000,3.3525000000,0.0602000000
11.7600000000,3.8755000000,0.0604000000
11.7800000000,6.8664000000,0.1122000000
11.8000000000,7.0175000000,0.1136000000
11.8200000000,5.5143000000,0.1100000000
11.8400000000,4.9012000000,0.1015000000
11.8600000000,4.4022000000,0.0930000000
11.8800000000,4.1738000000,0.0928000000
11.9000000000,3.9351000000,0.1010000000
11.9200000000,3.9488000000,0.1144000000
11.9400000000,3.9646000000,0.1292000000
11.9600000000,4.0034000000,0.1446000000
11.9800000000,3.7709000000,0.1452000000
12.0000000000,3.3293000000,0.1443000000
12.0200000000,3.1046000000,0.1363000000
12.0400000000,3.1433000000,0.1179000000
12.0600000000,3.0116000000,0.1032000000
12.0800000000,2.9186000000,0.0798000000
12.1000000000,2.7481000000,0.0636000000
12.1200000000,2.6538000000,0.0510000000
12.1400000000,2.6455000000,0.0432000000
12.1600000000,2.6939000000,0.0363000000
12.1800000000,2.7946000000,0.0329000000
12.2000000000,2.9380000000,0.0328000000
12.2200000000,2.9651000000,0.0329000000
12.2400000000,3.1239000000,0.0340000000
12.2600000000,3.3176000000,0.0357000000
12.2800000000,3.4222000000,0.0368000000
12.3000000000,3.5772000000,0.0380000000
12.3200000000,3.8755000000,0.0397000000
12.3400000000,4.0692000000,0.0445000000
12.3600000000,4.2668000000,0.0483000000
12.3800000000,4.5070000000,0.0490000000
12.4000000000,4.6387000000,0.0492000000
12.4200000000,4.7898000000,0.0496000000
12.4400000000,4.7666000000,0.0519000000
12.4600000000,4.7565000000,0.0541000000
12.4800000000,4.7666000000,0.0540000000
12.5000000000,4.6232000000,0.0532000000
12.5200000000,4.5922000000,0.0516000000
12.5400000000,4.4566000000,0.0512000000
12.5600000000,4.3443000000,0.0510000000
12.5800000000,4.3288000000,0.0509000000
12.6000000000,4.2087000000,0.0508000000
12.6200000000,4.0809000000,0.0507000000
12.6400000000,3.9917000000,0.0483000000
12.6600000000,3.8678000000,0.0468000000
12.6800000000,3.8290000000,0.0455000000
12.7000000000,3.8271000000,0.0450000000
12.7200000000,3.7709000000,0.0445000000
12.7400000000,3.5966000000,0.0444000000
12.7600000000,3.4959000000,0.0442000000
12.7800000000,3.4145000000,0.0416000000
12.8000000000,3.4106000000,0.0414000000
12.8200000000,3.3927000000,0.0415000000
12.8400000000,3.3944000000,0.0421000000
12.8600000000,3.4145000000,0.0422000000
12.8800000000,3.4339000000,0.0435000000
12.9000000000,3.6663000000,0.0464000000
12.9200000000,3.5811000000,0.0490000000
12.9400000000,3.4082000000,0.0499000000
12.9600000000,3.4163000000,0.0499000000
12.9800000000,3.4494000000,0.0498000000
13.0000000000,3.5385000000,0.0485000000
13.0200000000,3.5811000000,0.0460000000
13.0400000000,3.6198000000,0.0438000000
13.0600000000,3.6547000000,0.0397000000
13.0800000000,3.6528000000,0.0396000000
13.1000000000,3.6431000000,0.0396000000
13.1200000000,3.6082000000,0.0388000000
13.1400000000,3.6082000000,0.0384000000
13.1600000000,3.6276000000,0.0379000000
13.1800000000,3.6353000000,0.0377000000
13.2000000000,3.6547000000,0.0377000000
13.2200000000,3.7012000000,0.0385000000
13.2400000000,3.7787000000,0.0393000000
13.2600000000,3.7516000000,0.0393000000
13.2800000000,3.7748000000,0.0395000000
13.3000000000,3.7787000000,0.0397000000
13.3200000000,3.7763000000,0.0400000000
13.3400000000,3.7765000000,0.0405000000
13.3600000000,3.7806000000,0.0416000000
13.3800000000,3.8174000000,0.0416000000
13.4000000000,3.8407000000,0.0416000000
13.4200000000,3.8097000000,0.0416000000
13.4400000000,3.8030000000,0.0404000000
13.4600000000,3.8119000000,0.0402000000
13.4800000000,3.8368000000,0.0390000000
13.5000000000,3.9453000000,0.0384000000
13.5200000000,4.0344000000,0.0383000000
13.5400000000,4.1428000000,0.0384000000
13.5600000000,4.2901000000,0.0396000000
13.5800000000,4.3404000000,0.0407000000
13.6000000000,4.3637000000,0.0409000000
13.6200000000,4.3482000000,0.0421000000
13.6400000000,4.3211000000,0.0420000000
13.6600000000,4.2862000000,0.0419000000
13.6800000000,4.2513000000,0.0412000000
13.7000000000,4.1932000000,0.0412000000
13.7200000000,4.1545000000,0.0413000000
13.7400000000,4.1428000000,0.0422000000
13.7600000000,4.0499000000,0.0424000000
13.7800000000,4.0227000000,0.0432000000
13.8000000000,3.9879000000,0.0432000000
13.8200000000,3.9569000000,0.0426000000
13.8400000000,3.9065000000,0.0408000000
13.8600000000,3.9100000000,0.0408000000
13.8800000000,3.9298000000,0.0410000000
13.9000000000,3.9763000000,0.0411000000
13.9200000000,4.0160000000,0.0429000000
13.9400000000,4.0227000000,0.0430000000
13.9600000000,4.0344000000,0.0428000000
13.9800000000,4.0421000000,0.0426000000
14.0000000000,3.9685000000,0.0427000000
14.0200000000,3.9472000000,0.0428000000
14.0400000000,3.9431000000,0.0428000000
14.0600000000,3.9440000000,0.0424000000
14.0800000000,3.9530000000,0.0422000000
14.1000000000,3.9840000000,0.0423000000
14.1200000000,4.0576000000,0.0426000000
14.1400000000,4.1041000000,0.0429000000
14.1600000000,4.1855000000,0.0548000000
14.1800000000,4.0227000000,0.0653000000
14.2000000000,3.9298000000,0.0714000000
14.2200000000,3.8753000000,0.0735000000
14.2400000000,3.8752000000,0.0748000000
14.2600000000,3.9375000000,0.0754000000
14.2800000000,3.9569000000,0.0740000000
14.3000000000,3.9995000000,0.0671000000
14.3200000000,4.0460000000,0.0548000000
14.3400000000,4.0576000000,0.0500000000
14.3600000000,4.0611000000,0.0477000000
14.3800000000,4.0925000000,0.0476000000
14.4000000000,4.0692000000,0.0475000000
14.4200000000,4.0402000000,0.0459000000
14.4400000000,4.0483000000,0.0461000000
14.4600000000,4.0886000000,0.0485000000
14.4800000000,4.0789000000,0.0489000000
14.5000000000,4.1080000000,0.0488000000
14.5200000000,4.2823000000,0.0474000000
14.5400000000,4.0402000000,0.0466000000
14.5600000000,4.0214000000,0.0464000000
14.5800000000,4.0248000000,0.0463000000
14.6000000000,4.0344000000,0.0448000000
14.6200000000,4.0731000000,0.0446000000
14.6400000000,4.2784000000,0.0417000000
14.6600000000,4.5264000000,0.0412000000
14.6800000000,4.7007000000,0.0411000000
14.7000000000,4.1109000000,0.0410000000
14.7200000000,3.9763000000,0.0410000000
14.7400000000,3.9724000000,0.0412000000
14.7600000000,3.9723000000,0.0439000000
14.7800000000,3.9801000000,0.0441000000
14.8000000000,4.0034000000,0.0450000000
14.8200000000,3.9763000000,0.0456000000
14.8400000000,3.9616000000,0.0468000000
14.8600000000,3.9871000000,0.0488000000
14.8800000000,4.0150000000,0.0508000000
14.9000000000,4.1273000000,0.0507000000
14.9200000000,4.1477000000,0.0503000000
14.9400000000,4.2126000000,0.0500000000
14.9600000000,4.3637000000,0.0500000000
14.9800000000,4.4644000000,0.0504000000
15.0000000000,4.5380000000,0.0500000000
15.0200000000,4.5884000000,0.0486000000
15.0400000000,4.6542000000,0.0480000000
15.0600000000,4.7278000000,0.0480000000
15.0800000000,4.7743000000,0.0489000000
15.1000000000,4.7937000000,0.0495000000
15.1200000000,4.7821000000,0.0496000000
15.1400000000,4.6581000000,0.0495000000
15.1600000000,4.6155000000,0.0494000000
15.1800000000,4.5814000000,0.0490000000
15.2000000000,4.5775000000,0.0490000000
15.2200000000,4.5884000000,0.0491000000
15.2400000000,4.6271000000,0.0501000000
15.2600000000,4.6310000000,0.0513000000
15.2800000000,4.7007000000,0.0542000000
15.3000000000,4.7065000000,0.0576000000
15.3200000000,4.7123000000,0.0584000000
15.3400000000,5.2741000000,0.0583000000
15.3600000000,4.5767000000,0.0551000000
15.3800000000,4.5163000000,0.0550000000
15.4000000000,4.5148000000,0.0549000000
15.4200000000,4.5496000000,0.0547000000
15.4400000000,4.5031000000,0.0495000000
15.4600000000,4.4760000000,0.0494000000
15.4800000000,4.4295000000,0.0494000000
15.5000000000,4.4102000000,0.0496000000
15.5200000000,4.3714000000,0.0497000000
15.5400000000,4.3404000000,0.0501000000
15.5600000000,4.3365000000,0.0500000000
15.5800000000,4.3327000000,0.0491000000
15.6000000000,4.3675000000,0.0483000000
15.6200000000,4.2364000000,0.0470000000
15.6400000000,4.2401000000,0.0468000000
15.6600000000,4.3211000000,0.0469000000
15.6800000000,4.2347000000,0.0472000000
15.7000000000,4.2374000000,0.0472000000
15.7200000000,4.2513000000,0.0470000000
15.7400000000,4.2668000000,0.0465000000
15.7600000000,4.2707000000,0.0465000000
15.7800000000,4.2794000000,0.0468000000
15.8000000000,4.2823000000,0.0470000000
15.8200000000,4.3520000000,0.0474000000
15.8400000000,4.2552000000,0.0493000000
15.8600000000,4.1700000000,0.0495000000
15.8800000000,4.1428000000,0.0496000000
15.9000000000,4.1436000000,0.0496000000
15.9200000000,4.1525000000,0.0487000000
15.9400000000,4.1893000000,0.0477000000
15.9600000000,4.2010000000,0.0475000000
15.9800000000,4.2319000000,0.0475000000
16.0000000000,4.3094000000,0.0477000000
16.0200000000,4.3026000000,0.0485000000
16.0400000000,4.2978000000,0.0517000000
16.0600000000,4.2978000000,0.0531000000
16.0800000000,4.3172000000,0.0530000000
16.1000000000,4.3559000000,0.0476000000
16.1200000000,4.4838000000,0.0479000000
16.1400000000,4.5225000000,0.0499000000
16.1600000000,5.3128000000,0.0498000000
16.1800000000,6.5332000000,0.0485000000
16.2000000000,4.7395000000,0.0483000000
16.2200000000,4.6155000000,0.0486000000
16.2400000000,4.5574000000,0.0504000000
16.2600000000,4.4915000000,0.0529000000
16.2800000000,4.4566000000,0.0532000000
16.3000000000,4.4043000000,0.0520000000
16.3200000000,4.4091000000,0.0518000000
16.3400000000,4.4257000000,0.0526000000
16.3600000000,4.4189000000,0.0550000000
16.3800000000,4.4644000000,0.0551000000
16.4000000000,4.4605000000,0.0543000000
16.4200000000,4.5186000000,0.0504000000
16.4400000000,4.2668000000,0.0504000000
16.4600000000,4.2171000000,0.0504000000
16.4800000000,4.2127000000,0.0504000000
16.5000000000,4.2746000000,0.0508000000
16.5200000000,4.3211000000,0.0509000000
16.5400000000,4.3249000000,0.0510000000
16.5600000000,4.3327000000,0.0514000000
16.5800000000,4.4179000000,0.0529000000
16.6000000000,4.5884000000,0.0540000000
16.6200000000,4.5574000000,0.0540000000
16.6400000000,4.4799000000,0.0539000000
16.6600000000,4.3753000000,0.0532000000
16.6800000000,4.3293000000,0.0523000000
16.7000000000,4.3288000000,0.0521000000
16.7200000000,4.3175000000,0.0516000000
16.7400000000,4.3178000000,0.0515000000
16.7600000000,4.3191000000,0.0513000000
16.7800000000,4.3249000000,0.0500000000
16.8000000000,4.3598000000,0.0494000000
16.8200000000,4.4179000000,0.0479000000
16.8400000000,4.5303000000,0.0480000000
16.8600000000,4.6465000000,0.0481000000
16.8800000000,4.6814000000,0.0490000000
16.9000000000,4.7782000000,0.0517000000
16.9200000000,4.9099000000,0.0533000000
16.9400000000,4.9719000000,0.0551000000
16.9600000000,5.0416000000,0.0629000000
16.9800000000,5.2121000000,0.0673000000
17.0000000000,5.1424000000,0.0678000000
17.0200000000,5.1571000000,0.0678000000
17.0400000000,5.2431000000,0.0680000000
17.0600000000,5.3593000000,0.0680000000
17.0800000000,5.3710000000,0.0680000000
17.1000000000,5.4019000000,0.0674000000
17.1200000000,5.4833000000,0.0623000000
17.1400000000,5.5569000000,0.0626000000
17.1600000000,5.6809000000,0.0646000000
17.1800000000,5.7971000000,0.0725000000
17.2000000000,5.9560000000,0.0754000000
17.2200000000,6.0567000000,0.0763000000
17.2400000000,6.0206000000,0.0775000000
17.2600000000,6.0206000000,0.0814000000
17.2800000000,6.0141000000,0.0835000000
17.3000000000,5.9521000000,0.0825000000
17.3200000000,5.9133000000,0.0791000000
17.3400000000,5.7932000000,0.0730000000
17.3600000000,5.8087000000,0.0741000000
17.3800000000,5.7119000000,0.0779000000
17.4000000000,5.7274000000,0.0819000000
17.4200000000,5.6112000000,0.0843000000
17.4400000000,5.3739000000,0.0842000000
17.4600000000,5.3361000000,0.0840000000
17.4800000000,5.3526000000,0.0841000000
17.5000000000,5.4407000000,0.0841000000
17.5200000000,5.4833000000,0.0839000000
17.5400000000,5.5220000000,0.0788000000
17.5600000000,5.5647000000,0.0732000000
17.5800000000,5.5647000000,0.0711000000
17.6000000000,5.5143000000,0.0698000000
17.6200000000,5.4756000000,0.0675000000
17.6400000000,5.3826000000,0.0646000000
17.6600000000,5.3782000000,0.0637000000
17.6800000000,5.3727000000,0.0633000000
17.7000000000,5.4291000000,0.0625000000
17.7200000000,5.5027000000,0.0627000000
17.7400000000,5.5608000000,0.0637000000
17.7600000000,5.6034000000,0.0697000000
17.7800000000,5.5375000000,0.0704000000
17.8000000000,5.2741000000,0.0697000000
17.8200000000,5.1230000000,0.0675000000
17.8400000000,5.0649000000,0.0674000000
17.8600000000,5.0416000000,0.0677000000
17.8800000000,4.9719000000,0.0708000000
17.9000000000,4.8053000000,0.0768000000
17.9200000000,4.6349000000,0.0777000000
17.9400000000,4.6242000000,0.0777000000
17.9600000000,4.6913000000,0.0767000000
17.9800000000,4.8867000000,0.0750000000
18.0000000000,4.9603000000,0.0710000000
18.0200000000,4.9485000000,0.0675000000
18.0400000000,4.9555000000,0.0670000000
18.0600000000,4.9874000000,0.0582000000
18.0800000000,5.2663000000,0.0576000000
18.1000000000,5.0901000000,0.0576000000
18.1200000000,5.0634000000,0.0580000000
18.1400000000,5.0920000000,0.0590000000
18.1600000000,5.0224000000,0.0609000000
18.1800000000,5.0184000000,0.0614000000
18.2000000000,5.0068000000,0.0614000000
18.2200000000,4.9835000000,0.0611000000
18.2400000000,4.9797000000,0.0610000000
18.2600000000,4.9525000000,0.0610000000
18.2800000000,4.9292000000,0.0611000000
18.3000000000,4.9293000000,0.0612000000
18.3200000000,4.9525000000,0.0612000000
18.3400000000,5.0920000000,0.0607000000
18.3600000000,5.0223000000,0.0592000000
18.3800000000,4.8751000000,0.0591000000
18.4000000000,4.6620000000,0.0576000000
18.4200000000,4.5539000000,0.0574000000
18.4400000000,4.5512000000,0.0567000000
18.4600000000,4.5806000000,0.0567000000
18.4800000000,4.6116000000,0.0578000000
18.5000000000,4.6194000000,0.0654000000
18.5200000000,4.6349000000,0.0789000000
18.5400000000,4.3288000000,0.0903000000
18.5600000000,4.3287000000,0.0929000000
18.5800000000,4.4489000000,0.0930000000
18.6000000000,4.6271000000,0.0959000000
18.6200000000,4.6116000000,0.0949000000
18.6400000000,4.5458000000,0.0938000000
18.6600000000,4.4864000000,0.0730000000
18.6800000000,4.4760000000,0.0595000000
18.7000000000,4.4644000000,0.0576000000
18.7200000000,4.4577000000,0.0573000000
18.7400000000,4.4569000000,0.0573000000
18.7600000000,4.4954000000,0.0576000000
18.7800000000,4.5341000000,0.0582000000
18.8000000000,4.5496000000,0.0583000000
18.8200000000,4.6077000000,0.0583000000
18.8400000000,4.6465000000,0.0583000000
18.8600000000,4.6194000000,0.0583000000
18.8800000000,4.5767000000,0.0578000000
18.9000000000,4.5423000000,0.0567000000
18.9200000000,4.5555000000,0.0556000000
18.9400000000,4.6387000000,0.0551000000
18.9600000000,4.7162000000,0.0536000000
18.9800000000,4.7433000000,0.0536000000
19.0000000000,4.8092000000,0.0539000000
19.0200000000,4.8789000000,0.0570000000
19.0400000000,4.9642000000,0.0586000000
19.0600000000,4.9952000000,0.0592000000
19.0800000000,4.9642000000,0.0594000000
19.1000000000,4.9215000000,0.0594000000
19.1200000000,4.8906000000,0.0585000000
19.1400000000,4.8247000000,0.0581000000
19.1600000000,4.8102000000,0.0581000000
19.1800000000,4.7976000000,0.0582000000
19.2000000000,4.7956000000,0.0585000000
19.2200000000,4.7860000000,0.0587000000
19.2400000000,4.7356000000,0.0595000000
19.2600000000,4.7007000000,0.0600000000
19.2800000000,4.6615000000,0.0601000000
19.3000000000,4.6608000000,0.0607000000
19.3200000000,4.6852000000,0.0630000000
19.3400000000,4.7395000000,0.0632000000
19.3600000000,4.7433000000,0.0631000000
19.3800000000,4.8324000000,0.0624000000
19.4000000000,4.9874000000,0.0624000000
19.4200000000,5.0688000000,0.0625000000
19.4400000000,5.0726000000,0.0622000000
19.4600000000,5.0533000000,0.0620000000
19.4800000000,5.0107000000,0.0621000000
19.5000000000,5.0054000000,0.0634000000
19.5200000000,5.0068000000,0.0653000000
19.5400000000,4.9990000000,0.0659000000
19.5600000000,4.9332000000,0.0656000000
19.5800000000,4.9119000000,0.0643000000
19.6000000000,4.9122000000,0.0624000000
19.6200000000,4.9177000000,0.0621000000
19.6400000000,4.9409000000,0.0599000000
19.6600000000,4.9564000000,0.0593000000
19.6800000000,4.9061000000,0.0594000000
19.7000000000,4.8286000000,0.0595000000
19.7200000000,4.6232000000,0.0602000000
19.7400000000,4.5481000000,0.0599000000
19.7600000000,4.5879000000,0.0593000000
19.7800000000,4.6194000000,0.0590000000
19.8000000000,4.4876000000,0.0585000000
19.8200000000,4.4838000000,0.0557000000
19.8400000000,4.4721000000,0.0534000000
19.8600000000,4.4683000000,0.0528000000
19.8800000000,4.4605000000,0.0515000000
19.9000000000,4.4241000000,0.0513000000
19.9200000000,4.4257000000,0.0506000000
19.9400000000,4.4015000000,0.0499000000
19.9600000000,4.4046000000,0.0479000000
19.9800000000,4.4450000000,0.0473000000
20.0000000000,4.4915000000,0.0474000000
20.0200000000,4.5729000000,0.0475000000
20.0400000000,4.6426000000,0.0542000000
20.0600000000,4.6155000000,0.0589000000
20.0800000000,4.5922000000,0.0632000000
20.1000000000,4.5545000000,0.0684000000
20.1200000000,4.5399000000,0.0732000000
20.1400000000,4.5438000000,0.0732000000
20.1600000000,4.7356000000,0.0753000000
20.1800000000,5.0378000000,0.0798000000
20.2000000000,5.9288000000,0.0852000000
20.2200000000,6.2620000000,0.0974000000
20.2400000000,6.1303000000,0.1040000000
20.2600000000,5.8690000000,0.1069000000
20.2800000000,5.8730000000,0.1087000000
20.3000000000,5.9598000000,0.1066000000
20.3200000000,6.7269000000,0.1013000000
20.3400000000,5.4833000000,0.0962000000
20.3600000000,5.2536000000,0.0849000000
20.3800000000,5.2656000000,0.0703000000
20.4000000000,5.2818000000,0.0705000000
20.4200000000,5.3613000000,0.0716000000
20.4400000000,5.3864000000,0.0718000000
20.4600000000,5.4049000000,0.0720000000
20.4800000000,5.4562000000,0.0720000000
20.5000000000,5.4872000000,0.0722000000
20.5200000000,5.6731000000,0.0723000000
20.5400000000,5.7080000000,0.0722000000
20.5600000000,5.8630000000,0.0721000000
20.5800000000,5.9908000000,0.0713000000
20.6000000000,6.1109000000,0.0713000000
20.6200000000,6.1049000000,0.0696000000
20.6400000000,6.1070000000,0.0696000000
20.6600000000,5.9017000000,0.0697000000
20.6800000000,5.8776000000,0.0703000000
20.7000000000,5.8823000000,0.0711000000
20.7200000000,6.0296000000,0.0753000000
20.7400000000,6.1419000000,0.0753000000
20.7600000000,6.6920000000,0.0730000000
20.7800000000,7.4281000000,0.0685000000
20.8000000000,6.7850000000,0.0665000000
20.8200000000,6.7657000000,0.0621000000
20.8400000000,6.6998000000,0.0522000000
20.8600000000,6.6610000000,0.0521000000
20.8800000000,6.6628000000,0.0507000000
20.9000000000,6.6765000000,0.0497000000
20.9200000000,6.6940000000,0.0470000000
20.9400000000,6.7424000000,0.0455000000
20.9600000000,6.7928000000,0.0446000000
20.9800000000,6.8276000000,0.0440000000
21.0000000000,6.8044000000,0.0439000000
21.0200000000,6.7928000000,0.0439000000
21.0400000000,6.7916000000,0.0440000000
21.0600000000,6.7966000000,0.0440000000
21.0800000000,6.8005000000,0.0443000000
21.1000000000,6.8083000000,0.0455000000
21.1200000000,6.8354000000,0.0490000000
21.1400000000,6.8460000000,0.0506000000
21.1600000000,6.8858000000,0.0506000000
21.1800000000,6.5487000000,0.0507000000
21.2000000000,6.5332000000,0.0509000000
21.2200000000,6.4673000000,0.0512000000
21.2400000000,6.4489000000,0.0521000000
21.2600000000,6.4441000000,0.0522000000
21.2800000000,6.4209000000,0.0522000000
21.3000000000,6.4095000000,0.0518000000
21.3200000000,6.4122000000,0.0518000000
21.3400000000,6.4209000000,0.0518000000
21.3600000000,6.4867000000,0.0515000000
21.3800000000,6.5487000000,0.0512000000
21.4000000000,6.5758000000,0.0510000000
21.4200000000,6.6301000000,0.0510000000
21.4400000000,6.7347000000,0.0512000000
21.4600000000,6.7966000000,0.0532000000
21.4800000000,6.8431000000,0.0545000000
21.5000000000,6.8819000000,0.0548000000
21.5200000000,6.8858000000,0.0549000000
21.5400000000,6.9981000000,0.0555000000
21.5600000000,7.0717000000,0.0571000000
21.5800000000,7.1298000000,0.0574000000
21.6000000000,7.1802000000,0.0572000000
21.6200000000,7.3352000000,0.0569000000
21.6400000000,7.4398000000,0.0565000000
21.6600000000,7.5482000000,0.0565000000
21.6800000000,7.7264000000,0.0562000000
21.7000000000,7.7613000000,0.0558000000
21.7200000000,7.8001000000,0.0559000000
21.7400000000,7.8504000000,0.0561000000
21.7600000000,7.8892000000,0.0561000000
21.7800000000,7.8969000000,0.0575000000
21.8000000000,7.9202000000,0.0588000000
21.8200000000,7.9550000000,0.0587000000
21.8400000000,7.9008000000,0.0586000000
21.8600000000,7.8601000000,0.0586000000
21.8800000000,7.8117000000,0.0586000000
21.9000000000,7.7071000000,0.0586000000
21.9200000000,7.6180000000,0.0571000000
21.9400000000,7.4940000000,0.0566000000
21.9600000000,7.4010000000,0.0548000000
21.9800000000,7.2964000000,0.0541000000
22.0000000000,7.2189000000,0.0538000000
22.0200000000,7.1686000000,0.0529000000
22.0400000000,7.1259000000,0.0525000000
22.0600000000,7.0020000000,0.0520000000
22.0800000000,6.9810000000,0.0520000000
22.1000000000,6.9816000000,0.0519000000
22.1200000000,7.0097000000,0.0520000000
22.1400000000,7.0252000000,0.0521000000
22.1600000000,6.9516000000,0.0524000000
22.1800000000,6.9361000000,0.0526000000
22.2000000000,6.9167000000,0.0531000000
22.2200000000,6.8276000000,0.0534000000
22.2400000000,6.7540000000,0.0534000000
22.2600000000,6.6727000000,0.0534000000
22.2800000000,6.5836000000,0.0536000000
22.3000000000,6.5138000000,0.0539000000
22.3200000000,6.4054000000,0.0551000000
22.3400000000,6.3162000000,0.0579000000
22.3600000000,6.2078000000,0.0602000000
22.3800000000,6.1652000000,0.0626000000
22.4000000000,6.1187000000,0.0645000000
22.4200000000,6.0606000000,0.0650000000
22.4400000000,6.0257000000,0.0649000000
22.4600000000,5.9637000000,0.0648000000
22.4800000000,5.9517000000,0.0647000000
22.5000000000,5.9538000000,0.0652000000
22.5200000000,5.9676000000,0.0671000000
22.5400000000,6.0489000000,0.0682000000
22.5600000000,6.2000000000,0.0702000000
22.5800000000,6.3008000000,0.0702000000
22.6000000000,6.0567000000,0.0702000000
22.6200000000,5.9133000000,0.0698000000
22.6400000000,5.9133000000,0.0696000000
22.6600000000,5.8785000000,0.0696000000
22.6800000000,5.8649000000,0.0703000000
22.7000000000,5.8591000000,0.0705000000
22.7200000000,5.7003000000,0.0703000000
22.7400000000,5.6979000000,0.0690000000
22.7600000000,5.7312000000,0.0686000000
22.7800000000,5.7700000000,0.0651000000
22.8000000000,5.7564000000,0.0645000000
22.8200000000,5.7739000000,0.0620000000
22.8400000000,5.7768000000,0.0609000000
22.8600000000,5.7855000000,0.0609000000
22.8800000000,5.8010000000,0.0619000000
22.9000000000,5.7611000000,0.0630000000
22.9200000000,5.7614000000,0.0634000000
22.9400000000,5.8397000000,0.0639000000
22.9600000000,6.0412000000,0.0642000000
22.9800000000,5.8262000000,0.0652000000
23.0000000000,5.7876000000,0.0655000000
23.0200000000,5.7922000000,0.0677000000
23.0400000000,5.8436000000,0.0695000000
23.0600000000,5.8204000000,0.0700000000
23.0800000000,5.8513000000,0.0703000000
23.1000000000,5.8630000000,0.0704000000
23.1200000000,5.9172000000,0.0698000000
23.1400000000,6.0179000000,0.0676000000
23.1600000000,5.7816000000,0.0679000000
23.1800000000,5.7448000000,0.0705000000
23.2000000000,5.7351000000,0.0705000000
23.2200000000,5.7312000000,0.0692000000
23.2400000000,5.7204000000,0.0689000000
23.2600000000,5.7234000000,0.0684000000
23.2800000000,5.7234000000,0.0680000000
23.3000000000,5.7238000000,0.0674000000
23.3200000000,5.7351000000,0.0674000000
23.3400000000,5.8049000000,0.0681000000
23.3600000000,5.8204000000,0.0686000000
23.3800000000,5.8668000000,0.0703000000
23.4000000000,6.0257000000,0.0745000000
23.4200000000,6.1845000000,0.0810000000
23.4400000000,6.0528000000,0.0965000000
23.4600000000,5.7506000000,0.1020000000
23.4800000000,5.5085000000,0.1022000000
23.5000000000,5.5229000000,0.0996000000
23.5200000000,5.6228000000,0.0938000000
23.5400000000,5.6654000000,0.0906000000
23.5600000000,5.6538000000,0.0861000000
23.5800000000,5.5685000000,0.0740000000
23.6000000000,5.4872000000,0.0588000000
23.6200000000,5.4879000000,0.0569000000
23.6400000000,5.5017000000,0.0545000000
23.6600000000,5.5143000000,0.0538000000
23.6800000000,5.5530000000,0.0532000000
23.7000000000,5.6034000000,0.0519000000
23.7200000000,5.6421000000,0.0505000000
23.7400000000,5.6441000000,0.0475000000
23.7600000000,5.6460000000,0.0467000000
23.7800000000,5.6266000000,0.0465000000
23.8000000000,5.6228000000,0.0465000000
23.8200000000,5.6034000000,0.0451000000
23.8400000000,5.4988000000,0.0448000000
23.8600000000,5.4949000000,0.0432000000
23.8800000000,5.4634000000,0.0429000000
23.9000000000,5.4655000000,0.0429000000
23.9200000000,5.4794000000,0.0429000000
23.9400000000,5.5220000000,0.0444000000
23.9600000000,5.5492000000,0.0445000000
23.9800000000,5.6073000000,0.0447000000
24.0000000000,5.6848000000,0.0453000000
24.0200000000,5.7080000000,0.0462000000
24.0400000000,5.7312000000,0.0466000000
24.0600000000,5.7390000000,0.0468000000
24.0800000000,5.7584000000,0.0470000000
24.1000000000,5.7080000000,0.0475000000
24.1200000000,5.7027000000,0.0477000000
24.1400000000,5.7033000000,0.0477000000
24.1600000000,5.7041000000,0.0477000000
24.1800000000,5.7235000000,0.0474000000
24.2000000000,5.7777000000,0.0467000000
24.2200000000,5.7797000000,0.0460000000
24.2400000000,5.7622000000,0.0453000000
24.2600000000,5.7632000000,0.0450000000
24.2800000000,5.7855000000,0.0449000000
24.3000000000,5.8087000000,0.0448000000
24.3200000000,5.8242000000,0.0449000000
24.3400000000,5.8630000000,0.0451000000
24.3600000000,5.8823000000,0.0454000000
24.3800000000,5.9133000000,0.0464000000
24.4000000000,5.9405000000,0.0464000000
24.4200000000,5.9482000000,0.0466000000
24.4400000000,5.9792000000,0.0469000000
24.4600000000,5.9850000000,0.0480000000
24.4800000000,5.9824000000,0.0520000000
24.5000000000,5.9915000000,0.0519000000
24.5200000000,6.0644000000,0.0516000000
24.5400000000,5.9676000000,0.0507000000
24.5600000000,5.8649000000,0.0505000000
24.5800000000,5.8397000000,0.0501000000
24.6000000000,5.7971000000,0.0489000000
24.6200000000,5.7739000000,0.0474000000
24.6400000000,5.7467000000,0.0459000000
24.6600000000,5.7240000000,0.0453000000
24.6800000000,5.7235000000,0.0452000000
24.7000000000,5.7230000000,0.0449000000
24.7200000000,5.7235000000,0.0446000000
24.7400000000,5.7700000000,0.0446000000
24.7600000000,5.8242000000,0.0444000000
24.7800000000,5.8359000000,0.0444000000
24.8000000000,5.8862000000,0.0444000000
24.8200000000,5.9831000000,0.0450000000
24.8400000000,5.9601000000,0.0454000000
24.8600000000,6.0063000000,0.0455000000
24.8800000000,5.9827000000,0.0464000000
24.9000000000,5.9827000000,0.0466000000
24.9200000000,5.9928000000,0.0479000000
24.9400000000,6.0063000000,0.0491000000
24.9600000000,6.0528000000,0.0492000000
24.9800000000,6.0683000000,0.0496000000
25.0000000000,6.0334000000,0.0500000000
25.0200000000,6.0083000000,0.0500000000
25.0400000000,5.9845000000,0.0500000000
25.0600000000,5.9792000000,0.0504000000
25.0800000000,5.9482000000,0.0536000000
25.1000000000,5.8630000000,0.0546000000
25.1200000000,5.6460000000,0.0559000000
25.1400000000,5.4601000000,0.0562000000
25.1600000000,5.4622000000,0.0557000000
25.1800000000,5.4872000000,0.0552000000
25.2000000000,5.7700000000,0.0557000000
25.2200000000,5.8165000000,0.0562000000
25.2400000000,5.8436000000,0.0563000000
25.2600000000,5.7777000000,0.0564000000
25.2800000000,5.5065000000,0.0565000000
25.3000000000,5.2044000000,0.0566000000
25.3200000000,5.0494000000,0.0585000000
25.3400000000,4.9758000000,0.0622000000
25.3600000000,4.9293000000,0.0643000000
25.3800000000,4.9242000000,0.0675000000
25.4000000000,4.9448000000,0.0788000000
25.4200000000,5.0416000000,0.0952000000
25.4400000000,4.8441000000,0.0953000000
25.4600000000,4.4102000000,0.0955000000
25.4800000000,4.4073000000,0.0949000000
25.5000000000,4.4566000000,0.0940000000
25.5200000000,5.1811000000,0.0930000000
25.5400000000,5.1191000000,0.0907000000
25.5600000000,4.9806000000,0.0754000000
25.5800000000,4.9603000000,0.0630000000
25.6000000000,4.9448000000,0.0606000000
25.6200000000,4.9459000000,0.0593000000
25.6400000000,4.9564000000,0.0572000000
25.6600000000,4.9644000000,0.0548000000
25.6800000000,4.9496000000,0.0545000000
25.7000000000,4.9487000000,0.0537000000
25.7200000000,4.8557000000,0.0518000000
25.7400000000,4.8280000000,0.0497000000
25.7600000000,4.8296000000,0.0497000000
25.7800000000,4.8479000000,0.0497000000
25.8000000000,4.9254000000,0.0497000000
